{
  "created_at": "2026-02-03T22:15:37.470Z",
  "dataset_version": "v1",
  "dataset_size": 30,
  "model": "gemini-2.5-flash-lite",
  "mode": "combined",
  "summary": {
    "averages": {
      "v1_simple": 0.9333333333333333,
      "v2_structured": 0.9444444444444445
    },
    "raw_scores": {
      "v1_simple": [
        1,
        1,
        1,
        1,
        1,
        1,
        1,
        1,
        1,
        1,
        1,
        1,
        1,
        1,
        0.6666666666666666,
        0.3333333333333333,
        0.3333333333333333,
        0.6666666666666666,
        1,
        1,
        1,
        1,
        1,
        1,
        1,
        1,
        1,
        1,
        1,
        1
      ],
      "v2_structured": [
        1,
        1,
        1,
        1,
        1,
        1,
        1,
        1,
        1,
        1,
        1,
        1,
        1,
        1,
        1,
        0.6666666666666666,
        1,
        1,
        1,
        1,
        1,
        0.6666666666666666,
        1,
        0.6666666666666666,
        1,
        1,
        0.6666666666666666,
        0.6666666666666666,
        1,
        1
      ]
    }
  },
  "tasks": {
    "averages": {
      "v1_simple": 0.7047480297480299,
      "v2_structured": 0.519920634920635,
      "v3_examples": 0.7814285714285716
    },
    "raw_scores": {
      "v1_simple": [
        0.6666666666666665,
        0.5714285714285715,
        0.888888888888889,
        0.888888888888889,
        0.6666666666666665,
        0.888888888888889,
        0.8,
        0.8,
        0.5,
        0.5714285714285715,
        0.8,
        1,
        0.8,
        0.6666666666666665,
        0.8571428571428571,
        0.8571428571428571,
        0.75,
        0.5714285714285715,
        0.7272727272727273,
        0.4444444444444445,
        0.5,
        0.4444444444444445,
        0.7272727272727273,
        0.7272727272727273,
        0.6153846153846153,
        0.6666666666666665,
        0.75,
        0.75,
        0.8,
        0.4444444444444445
      ],
      "v2_structured": [
        0.5714285714285715,
        0.5714285714285715,
        0.8571428571428571,
        0.888888888888889,
        0.5714285714285715,
        0.5714285714285715,
        0.75,
        0.8,
        0.5714285714285715,
        0.5714285714285715,
        0.8571428571428571,
        0.8571428571428571,
        0.75,
        0.6666666666666665,
        0.5714285714285715,
        0.5714285714285715,
        0.28571428571428575,
        0.5,
        0.28571428571428575,
        0.25,
        0,
        0.28571428571428575,
        0,
        0.28571428571428575,
        0.5714285714285715,
        0.5,
        0.3333333333333333,
        0.5714285714285715,
        0.28571428571428575,
        0.4444444444444445
      ],
      "v3_examples": [
        0.888888888888889,
        0.75,
        0.888888888888889,
        0.888888888888889,
        0.8571428571428571,
        0.8571428571428571,
        0.6666666666666665,
        0.6666666666666665,
        0.6666666666666665,
        0.75,
        0.8571428571428571,
        0.8571428571428571,
        0.75,
        0.6666666666666665,
        0.8571428571428571,
        0.75,
        0.75,
        0.8,
        0.8571428571428571,
        0.75,
        0.6666666666666666,
        0.75,
        0.6666666666666666,
        0.75,
        0.75,
        0.75,
        0.6666666666666666,
        0.888888888888889,
        0.888888888888889,
        0.888888888888889
      ]
    }
  },
  "sources": {
    "summary": "experiment_results_2026-02-03T21-45-32-629Z.json",
    "tasks": "experiment_results_2026-02-03T22-05-41-148Z.json"
  }
}